{"cameraMode":{"drawMode":0,"name":"Shaded","section":"Shading Mode"},"sceneLighting":false,"audioPlay":false,"sceneViewState":{"showFog":true,"showMaterialUpdate":true,"showSkybox":false,"showFlares":true,"showImageEffects":true,"showParticleSystems":true},"in2DMode":false,"pivot":{"x":-1.3599424362182618,"y":1.1923772096633912,"z":1.023848295211792},"rotation":{"x":-0.07093685865402222,"y":0.9127081036567688,"z":-0.1796921342611313,"w":-0.3601970970630646},"size":8.337446212768555,"orthographic":false}