{"cameraMode":{"drawMode":0,"name":"Shaded","section":"Shading Mode"},"sceneLighting":true,"audioPlay":false,"sceneViewState":{"showFog":true,"showMaterialUpdate":true,"showSkybox":true,"showFlares":true,"showImageEffects":true,"showParticleSystems":true},"in2DMode":false,"pivot":{"x":14.94294548034668,"y":1.205273151397705,"z":-17.802650451660158},"rotation":{"x":-0.023085754364728929,"y":-0.9761629700660706,"z":0.13048765063285829,"w":-0.1721539944410324},"size":34.12458419799805,"orthographic":false}