{"cameraMode":{"drawMode":0,"name":"Shaded","section":"Shading Mode"},"sceneLighting":false,"audioPlay":false,"sceneViewState":{"showFog":true,"showMaterialUpdate":true,"showSkybox":false,"showFlares":true,"showImageEffects":true,"showParticleSystems":true},"in2DMode":false,"pivot":{"x":-0.000001862645149230957,"y":1.5134618282318116,"z":-5.662441253662109e-7},"rotation":{"x":-0.03200989216566086,"y":0.9673017859458923,"z":-0.15748772025108338,"w":-0.19646775722503663},"size":5.126559257507324,"orthographic":false}