{"cameraMode":{"drawMode":0,"name":"Shaded","section":"Shading Mode"},"sceneLighting":false,"audioPlay":false,"sceneViewState":{"showFog":true,"showMaterialUpdate":true,"showSkybox":false,"showFlares":true,"showImageEffects":true,"showParticleSystems":true},"in2DMode":false,"pivot":{"x":1.864715814590454,"y":3.3994855880737306,"z":-1.4628546237945557},"rotation":{"x":-0.07093685865402222,"y":0.9127081036567688,"z":-0.1796921342611313,"w":-0.3601970970630646},"size":17.247413635253908,"orthographic":false}