{"cameraMode":{"drawMode":0,"name":"Shaded","section":"Shading Mode"},"sceneLighting":false,"audioPlay":false,"sceneViewState":{"showFog":true,"showMaterialUpdate":true,"showSkybox":false,"showFlares":true,"showImageEffects":true,"showParticleSystems":true},"in2DMode":false,"pivot":{"x":2.384185791015625e-7,"y":0.016176899895071985,"z":-1.7881393432617188e-7},"rotation":{"x":0.1807311475276947,"y":-0.7569618821144104,"z":0.2349017709493637,"w":0.5823995471000671},"size":5.830265045166016,"orthographic":false}