{"cameraMode":{"drawMode":0,"name":"Shaded","section":"Shading Mode"},"sceneLighting":false,"audioPlay":false,"sceneViewState":{"showFog":true,"showMaterialUpdate":true,"showSkybox":false,"showFlares":true,"showImageEffects":true,"showParticleSystems":true},"in2DMode":false,"pivot":{"x":1.5254197120666505,"y":-2.641495704650879,"z":1.8547954559326172},"rotation":{"x":-0.051877234131097797,"y":0.9415253400802612,"z":-0.285991370677948,"w":-0.1707274466753006},"size":19.50930404663086,"orthographic":false}