{"cameraMode":{"drawMode":0,"name":"Shaded","section":"Shading Mode"},"sceneLighting":false,"audioPlay":false,"sceneViewState":{"showFog":true,"showMaterialUpdate":true,"showSkybox":false,"showFlares":true,"showImageEffects":true,"showParticleSystems":true},"in2DMode":false,"pivot":{"x":-0.5064128637313843,"y":3.623617172241211,"z":0.03194713592529297},"rotation":{"x":0.25160911679267886,"y":0.020324038341641427,"z":-0.005283718928694725,"w":0.9676061868667603},"size":13.834614753723145,"orthographic":false}