{"cameraMode":{"drawMode":0,"name":"Shaded","section":"Shading Mode"},"sceneLighting":false,"audioPlay":false,"sceneViewState":{"showFog":true,"showMaterialUpdate":true,"showSkybox":false,"showFlares":true,"showImageEffects":true,"showParticleSystems":true},"in2DMode":false,"pivot":{"x":0.0,"y":5.266992568969727,"z":5.960464477539063e-7},"rotation":{"x":-0.03200989216566086,"y":0.9673017859458923,"z":-0.15748772025108338,"w":-0.19646775722503663},"size":17.897052764892579,"orthographic":false}