{"cameraMode":{"drawMode":0,"name":"Shaded","section":"Shading Mode"},"sceneLighting":false,"audioPlay":false,"sceneViewState":{"showFog":true,"showMaterialUpdate":true,"showSkybox":false,"showFlares":true,"showImageEffects":true,"showParticleSystems":true},"in2DMode":false,"pivot":{"x":-0.040993452072143558,"y":-0.03132200241088867,"z":0.06463336944580078},"rotation":{"x":-0.048328351229429248,"y":0.9267898797988892,"z":-0.34980249404907229,"w":-0.12815281748771668},"size":2.8841283321380617,"orthographic":false}