{"cameraMode":{"drawMode":0,"name":"Shaded","section":"Shading Mode"},"sceneLighting":false,"audioPlay":false,"sceneViewState":{"showFog":true,"showMaterialUpdate":true,"showSkybox":false,"showFlares":true,"showImageEffects":true,"showParticleSystems":true},"in2DMode":false,"pivot":{"x":-0.025664329528808595,"y":4.168483734130859,"z":-0.00000286102294921875},"rotation":{"x":-0.07093685865402222,"y":0.9127081036567688,"z":-0.1796921342611313,"w":-0.3601970970630646},"size":47.12528610229492,"orthographic":false}