{"cameraMode":{"drawMode":0,"name":"Shaded","section":"Shading Mode"},"sceneLighting":false,"audioPlay":false,"sceneViewState":{"showFog":true,"showMaterialUpdate":true,"showSkybox":false,"showFlares":true,"showImageEffects":true,"showParticleSystems":true},"in2DMode":false,"pivot":{"x":-1.940000057220459,"y":0.9990000128746033,"z":0.45787858963012698},"rotation":{"x":0.7801424264907837,"y":0.0018768062582239509,"z":-0.002340419916436076,"w":0.6255963444709778},"size":9.417752265930176,"orthographic":true}